{
    "name": "Core Metrics Plus",
    "version": "1.1.1",
    "download_url": "https://github.com/carmelyne/core-metrics-plus/archive/refs/tags/v1.1.1.zip",
    "homepage": "https://github.com/carmelyne/core-metrics-plus",
    "requires": "5.0",
    "tested": "6.4",
    "last_updated": "2024-01-09 00:00:00",
    "author": "Carmelyne",
    "author_homepage": "https://github.com/carmelyne",
    "sections": {
        "description": "Optimize your WordPress site's Core Web Vitals through smart resource loading and performance enhancements.",
        "changelog": "Check CHANGELOG.md for detailed version history"
    }
}
