{
    "name": "Core Metrics Plus",
    "version": "1.1.0",
    "download_url": "https://github.com/carmelyne/core-metrics-plus/archive/main.zip",
    "homepage": "https://github.com/carmelyne/core-metrics-plus",
    "requires": "5.0",
    "tested": "6.3",
    "last_updated": "2023-11-16",
    "author": "Carmelyne",
    "author_homepage": "https://github.com/carmelyne",
    "sections": {
        "description": "Optimize your WordPress site's Core Web Vitals through smart resource loading and performance enhancements."
    }
}
